pair,seed,n_significant,dominant_column,dominant_attribution_pct
attr_qaoa_maxcut_depolarizing,977000,8,3,15.991
attr_qaoa_maxcut_depolarizing,977001,7,0,22.6766
attr_qaoa_maxcut_depolarizing,977002,8,1,20.104
attr_qaoa_maxcut_depolarizing,977003,6,1,19.6849
attr_qaoa_maxcut_depolarizing,977004,7,1,18.5558
attr_qaoa_maxcut_depolarizing,977005,7,0,23.062
attr_qaoa_maxcut_depolarizing,977006,6,3,25.9532
attr_qaoa_maxcut_depolarizing,977007,8,1,18.9991
attr_qaoa_maxcut_depolarizing,977008,6,0,23.0722
attr_qaoa_maxcut_depolarizing,977009,7,3,23.6563
attr_qaoa_maxcut_depolarizing,977010,8,0,18.6364
attr_qaoa_maxcut_depolarizing,977011,5,3,23.3307
attr_qaoa_maxcut_depolarizing,977012,7,3,23.5165
attr_qaoa_maxcut_depolarizing,977013,8,0,20.3548
attr_qaoa_maxcut_depolarizing,977014,8,3,23.5355
attr_qaoa_maxcut_depolarizing,977015,8,0,20.281
attr_qaoa_maxcut_depolarizing,977016,6,3,20.9374
attr_qaoa_maxcut_depolarizing,977017,5,1,20.9104
attr_qaoa_maxcut_depolarizing,977018,7,3,20.2986
attr_qaoa_maxcut_depolarizing,977019,6,4,21.264
attr_qaoa_maxcut_depolarizing,977020,7,3,22.2963
attr_qaoa_maxcut_depolarizing,977021,6,1,22.9858
attr_qaoa_maxcut_depolarizing,977022,5,3,26.9893
attr_qaoa_maxcut_depolarizing,977023,7,0,26.0187
attr_qaoa_maxcut_depolarizing,977024,7,0,18.8802
attr_qaoa_maxcut_depolarizing,977025,6,3,23.0103
attr_qaoa_maxcut_depolarizing,977026,8,0,25.7467
attr_qaoa_maxcut_depolarizing,977027,8,3,18.7056
attr_qaoa_maxcut_depolarizing,977028,5,4,22.9577
attr_qaoa_maxcut_depolarizing,977029,8,4,20.9358
attr_qaoa_maxcut_depolarizing,977030,7,0,22.6643
attr_qaoa_maxcut_depolarizing,977031,7,1,16.8823
attr_qaoa_maxcut_depolarizing,977032,6,0,21.6779
attr_qaoa_maxcut_depolarizing,977033,7,1,20.8517
attr_qaoa_maxcut_depolarizing,977034,7,0,24.7653
attr_qaoa_maxcut_depolarizing,977035,7,3,20.1175
attr_qaoa_maxcut_depolarizing,977036,8,3,22.2248
attr_qaoa_maxcut_depolarizing,977037,8,3,22.0632
attr_qaoa_maxcut_depolarizing,977038,8,0,20.9602
attr_qaoa_maxcut_depolarizing,977039,8,3,19.8716
attr_qaoa_maxcut_depolarizing,977040,8,3,23.5708
attr_qaoa_maxcut_depolarizing,977041,5,0,31.1074
attr_qaoa_maxcut_depolarizing,977042,7,4,22.5408
attr_qaoa_maxcut_depolarizing,977043,7,3,23.2537
attr_qaoa_maxcut_depolarizing,977044,8,0,24.3352
attr_qaoa_maxcut_depolarizing,977045,7,0,23.7722
attr_qaoa_maxcut_depolarizing,977046,7,3,20.5245
attr_qaoa_maxcut_depolarizing,977047,5,0,22.1368
attr_qaoa_maxcut_depolarizing,977048,7,3,21.1207
attr_qaoa_maxcut_depolarizing,977049,7,0,19.4458
attr_ghz4_depolarizing,977000,2,2,46.4286
attr_ghz4_depolarizing,977001,2,1,48.5714
attr_ghz4_depolarizing,977002,2,2,38.7097
attr_ghz4_depolarizing,977003,4,1,34.375
attr_ghz4_depolarizing,977004,4,1,36.1111
attr_ghz4_depolarizing,977005,4,1,32.5581
attr_ghz4_depolarizing,977006,4,1,32.2581
attr_ghz4_depolarizing,977007,3,3,43.3333
attr_ghz4_depolarizing,977008,4,1,38.8889
attr_ghz4_depolarizing,977009,3,2,37.931
attr_ghz4_depolarizing,977010,2,3,40.5405
attr_ghz4_depolarizing,977011,3,2,31.25
attr_ghz4_depolarizing,977012,2,1,53.3333
attr_ghz4_depolarizing,977013,4,1,35.2941
attr_ghz4_depolarizing,977014,2,1,41.1765
attr_ghz4_depolarizing,977015,2,1,40.625
attr_ghz4_depolarizing,977016,3,1,36.3636
attr_ghz4_depolarizing,977017,4,3,35.7143
attr_ghz4_depolarizing,977018,4,3,34.375
attr_ghz4_depolarizing,977019,3,2,40.625
attr_ghz4_depolarizing,977020,4,3,33.3333
attr_ghz4_depolarizing,977021,3,2,36.1111
attr_ghz4_depolarizing,977022,4,1,37.1429
attr_ghz4_depolarizing,977023,4,1,35.7143
attr_ghz4_depolarizing,977024,3,1,39.3939
attr_ghz4_depolarizing,977025,3,1,36.0
attr_ghz4_depolarizing,977026,4,2,36.3636
attr_ghz4_depolarizing,977027,3,2,33.3333
attr_ghz4_depolarizing,977028,0,1,42.1053
attr_ghz4_depolarizing,977029,4,3,34.2857
attr_ghz4_depolarizing,977030,4,2,48.4848
attr_ghz4_depolarizing,977031,4,2,35.8974
attr_ghz4_depolarizing,977032,3,2,42.8571
attr_ghz4_depolarizing,977033,4,1,30.5556
attr_ghz4_depolarizing,977034,2,1,43.75
attr_ghz4_depolarizing,977035,3,1,31.0345
attr_ghz4_depolarizing,977036,4,2,32.3529
attr_ghz4_depolarizing,977037,3,1,36.1111
attr_ghz4_depolarizing,977038,4,1,36.1111
attr_ghz4_depolarizing,977039,3,1,41.6667
attr_ghz4_depolarizing,977040,3,1,33.3333
attr_ghz4_depolarizing,977041,4,1,44.186
attr_ghz4_depolarizing,977042,4,2,35.2941
attr_ghz4_depolarizing,977043,3,2,36.6667
attr_ghz4_depolarizing,977044,4,1,40.9091
attr_ghz4_depolarizing,977045,4,1,39.4737
attr_ghz4_depolarizing,977046,3,2,38.0952
attr_ghz4_depolarizing,977047,3,2,34.2105
attr_ghz4_depolarizing,977048,3,1,30.7692
attr_ghz4_depolarizing,977049,3,1,44.1176
attr_qft4_bit_flip,977000,0,3,33.3333
attr_qft4_bit_flip,977001,1,2,27.7778
attr_qft4_bit_flip,977002,0,3,21.4286
attr_qft4_bit_flip,977003,0,2,19.3548
attr_qft4_bit_flip,977004,1,1,34.375
attr_qft4_bit_flip,977005,1,2,26.3158
attr_qft4_bit_flip,977006,0,1,26.6667
attr_qft4_bit_flip,977007,0,2,23.3333
attr_qft4_bit_flip,977008,0,2,24.2424
attr_qft4_bit_flip,977009,0,3,33.3333
attr_qft4_bit_flip,977010,2,3,27.7778
attr_qft4_bit_flip,977011,0,3,21.4286
attr_qft4_bit_flip,977012,0,1,34.6154
attr_qft4_bit_flip,977013,0,2,26.6667
attr_qft4_bit_flip,977014,0,1,27.5862
attr_qft4_bit_flip,977015,0,8,24.2424
attr_qft4_bit_flip,977016,0,1,24.2424
attr_qft4_bit_flip,977017,0,6,26.3158
attr_qft4_bit_flip,977018,0,2,21.875
attr_qft4_bit_flip,977019,0,5,25.8065
attr_qft4_bit_flip,977020,0,5,33.3333
attr_qft4_bit_flip,977021,0,2,33.3333
attr_qft4_bit_flip,977022,1,1,33.3333
attr_qft4_bit_flip,977023,1,2,26.8293
attr_qft4_bit_flip,977024,0,1,24.1379
attr_qft4_bit_flip,977025,0,1,22.7273
attr_qft4_bit_flip,977026,0,2,23.0769
attr_qft4_bit_flip,977027,0,6,25.0
attr_qft4_bit_flip,977028,0,1,27.2727
attr_qft4_bit_flip,977029,1,1,29.4118
attr_qft4_bit_flip,977030,0,3,31.0345
attr_qft4_bit_flip,977031,2,8,24.3902
attr_qft4_bit_flip,977032,1,3,34.2857
attr_qft4_bit_flip,977033,0,1,25.0
attr_qft4_bit_flip,977034,1,2,46.4286
attr_qft4_bit_flip,977035,0,8,26.6667
attr_qft4_bit_flip,977036,0,1,23.3333
attr_qft4_bit_flip,977037,0,2,25.0
attr_qft4_bit_flip,977038,0,1,33.3333
attr_qft4_bit_flip,977039,0,1,22.2222
attr_qft4_bit_flip,977040,0,3,25.7143
attr_qft4_bit_flip,977041,1,1,35.0
attr_qft4_bit_flip,977042,0,5,25.9259
attr_qft4_bit_flip,977043,0,2,26.9231
attr_qft4_bit_flip,977044,1,1,30.7692
attr_qft4_bit_flip,977045,0,1,26.6667
attr_qft4_bit_flip,977046,0,3,25.0
attr_qft4_bit_flip,977047,0,3,25.0
attr_qft4_bit_flip,977048,2,6,21.0526
attr_qft4_bit_flip,977049,0,1,32.2581
attr_bell_amp_damping,977000,2,1,99.6184
attr_bell_amp_damping,977001,2,1,87.9964
attr_bell_amp_damping,977002,0,1,67.4564
attr_bell_amp_damping,977003,1,1,83.4696
attr_bell_amp_damping,977004,1,1,90.8339
attr_bell_amp_damping,977005,2,1,62.2006
attr_bell_amp_damping,977006,2,1,75.2638
attr_bell_amp_damping,977007,0,1,80.2759
attr_bell_amp_damping,977008,1,1,82.4617
attr_bell_amp_damping,977009,0,1,67.4564
attr_bell_amp_damping,977010,0,1,63.5527
attr_bell_amp_damping,977011,0,1,73.1907
attr_bell_amp_damping,977012,0,1,85.8478
attr_bell_amp_damping,977013,2,1,72.9418
attr_bell_amp_damping,977014,0,1,90.8339
attr_bell_amp_damping,977015,0,1,80.1729
attr_bell_amp_damping,977016,1,1,93.2219
attr_bell_amp_damping,977017,2,1,59.1343
attr_bell_amp_damping,977018,2,1,71.8159
attr_bell_amp_damping,977019,0,1,88.8739
attr_bell_amp_damping,977020,2,1,62.2006
attr_bell_amp_damping,977021,1,1,84.706
attr_bell_amp_damping,977022,2,1,80.1262
attr_bell_amp_damping,977023,2,1,83.391
attr_bell_amp_damping,977024,1,1,85.7475
attr_bell_amp_damping,977025,2,1,71.8101
attr_bell_amp_damping,977026,1,1,87.5133
attr_bell_amp_damping,977027,0,1,75.5527
attr_bell_amp_damping,977028,0,1,78.1634
attr_bell_amp_damping,977029,2,1,57.8529
attr_bell_amp_damping,977030,0,1,84.706
attr_bell_amp_damping,977031,1,1,80.1767
attr_bell_amp_damping,977032,0,1,88.8739
attr_bell_amp_damping,977033,2,1,67.1264
attr_bell_amp_damping,977034,1,1,84.2744
attr_bell_amp_damping,977035,0,1,83.4696
attr_bell_amp_damping,977036,0,1,83.4696
attr_bell_amp_damping,977037,0,1,75.5527
attr_bell_amp_damping,977038,1,1,85.7732
attr_bell_amp_damping,977039,0,1,68.9666
attr_bell_amp_damping,977040,1,1,80.1767
attr_bell_amp_damping,977041,2,1,84.8706
attr_bell_amp_damping,977042,1,0,53.9747
attr_bell_amp_damping,977043,0,1,88.8739
attr_bell_amp_damping,977044,1,1,91.2558
attr_bell_amp_damping,977045,2,1,70.9164
attr_bell_amp_damping,977046,1,1,87.5133
attr_bell_amp_damping,977047,0,1,80.2759
attr_bell_amp_damping,977048,0,1,73.1907
attr_bell_amp_damping,977049,1,1,88.8741
